[{"model": "inventory.store", "pk": 1, "fields": {"name": "House", "created": "2022-06-20T02:37:24.873Z", "updated": "2022-06-20T02:37:24.873Z"}}, {"model": "inventory.store", "pk": 2, "fields": {"name": "Villa Salome", "created": "2022-06-20T02:37:44.723Z", "updated": "2022-06-20T02:37:44.723Z"}}, {"model": "inventory.store", "pk": 3, "fields": {"name": "Rodriguez", "created": "2022-06-27T20:21:59Z", "updated": "2022-06-27T20:21:59Z"}}, {"model": "inventory.order", "pk": 2, "fields": {"total": "609.00", "from_store": 1, "to_store": 2, "author": 1, "date": "2022-06-28", "status": "paid", "created": "2022-07-01T02:11:29.867Z", "updated": "2022-07-06T00:08:31.810Z"}}, {"model": "inventory.order", "pk": 3, "fields": {"total": "1465.40", "from_store": 1, "to_store": 2, "author": 1, "date": "2022-06-28", "status": "paid", "created": "2022-07-01T02:11:35.908Z", "updated": "2022-07-06T00:08:35.939Z"}}, {"model": "inventory.order", "pk": 4, "fields": {"total": "739.50", "from_store": 1, "to_store": 2, "author": 1, "date": "2022-06-28", "status": "paid", "created": "2022-07-01T02:34:33.935Z", "updated": "2022-07-06T00:08:39.852Z"}}, {"model": "inventory.order", "pk": 5, "fields": {"total": "498.78", "from_store": 1, "to_store": 2, "author": 1, "date": "2022-07-04", "status": "paid", "created": "2022-07-05T01:26:35.742Z", "updated": "2022-07-06T00:08:43.605Z"}}, {"model": "inventory.order", "pk": 6, "fields": {"total": "105.00", "from_store": 1, "to_store": 2, "author": 1, "date": "2022-07-05", "status": "unpaid", "created": "2022-07-06T01:14:55.226Z", "updated": "2022-07-06T01:22:53.053Z"}}, {"model": "inventory.productorder", "pk": 1, "fields": {"product": 65, "order": 3, "quantity": "6.00", "price": "55.50", "created": "2022-07-01T02:15:39.016Z", "updated": "2022-07-01T02:19:20.945Z"}}, {"model": "inventory.productorder", "pk": 2, "fields": {"product": 73, "order": 2, "quantity": "4.00", "price": "17.00", "created": "2022-07-01T02:16:41.562Z", "updated": "2022-07-01T02:20:33.813Z"}}, {"model": "inventory.productorder", "pk": 3, "fields": {"product": 53, "order": 3, "quantity": "6.00", "price": "15.60", "created": "2022-07-01T02:18:51.530Z", "updated": "2022-07-01T02:18:51.530Z"}}, {"model": "inventory.productorder", "pk": 4, "fields": {"product": 70, "order": 2, "quantity": "8.00", "price": "8.50", "created": "2022-07-01T02:19:46.910Z", "updated": "2022-07-01T02:19:46.910Z"}}, {"model": "inventory.productorder", "pk": 5, "fields": {"product": 69, "order": 3, "quantity": "12.00", "price": "6.50", "created": "2022-07-01T02:20:35.174Z", "updated": "2022-07-01T02:21:34.257Z"}}, {"model": "inventory.productorder", "pk": 6, "fields": {"product": 71, "order": 2, "quantity": "6.00", "price": "8.00", "created": "2022-07-01T02:22:49.617Z", "updated": "2022-07-01T02:22:49.617Z"}}, {"model": "inventory.productorder", "pk": 7, "fields": {"product": 49, "order": 3, "quantity": "3.00", "price": "25.80", "created": "2022-07-01T02:23:23.008Z", "updated": "2022-07-01T02:23:23.008Z"}}, {"model": "inventory.productorder", "pk": 8, "fields": {"product": 45, "order": 3, "quantity": "3.00", "price": "8.00", "created": "2022-07-01T02:25:36.873Z", "updated": "2022-07-01T02:25:36.874Z"}}, {"model": "inventory.productorder", "pk": 9, "fields": {"product": 47, "order": 3, "quantity": "3.00", "price": "14.10", "created": "2022-07-01T02:26:12.405Z", "updated": "2022-07-01T02:26:12.405Z"}}, {"model": "inventory.productorder", "pk": 10, "fields": {"product": 76, "order": 2, "quantity": "8.00", "price": "17.50", "created": "2022-07-01T02:26:13.825Z", "updated": "2022-07-01T02:26:13.825Z"}}, {"model": "inventory.productorder", "pk": 11, "fields": {"product": 67, "order": 3, "quantity": "50.00", "price": "1.50", "created": "2022-07-01T02:27:05.525Z", "updated": "2022-07-01T02:27:05.525Z"}}, {"model": "inventory.productorder", "pk": 12, "fields": {"product": 74, "order": 2, "quantity": "5.00", "price": "14.50", "created": "2022-07-01T02:27:36.282Z", "updated": "2022-07-01T02:27:36.282Z"}}, {"model": "inventory.productorder", "pk": 13, "fields": {"product": 56, "order": 3, "quantity": "6.00", "price": "4.00", "created": "2022-07-01T02:27:59.200Z", "updated": "2022-07-01T02:27:59.200Z"}}, {"model": "inventory.productorder", "pk": 14, "fields": {"product": 68, "order": 3, "quantity": "12.00", "price": "6.50", "created": "2022-07-01T02:28:48.622Z", "updated": "2022-07-01T02:28:48.622Z"}}, {"model": "inventory.productorder", "pk": 15, "fields": {"product": 72, "order": 2, "quantity": "5.00", "price": "17.50", "created": "2022-07-01T02:29:11.693Z", "updated": "2022-07-01T02:29:11.693Z"}}, {"model": "inventory.productorder", "pk": 16, "fields": {"product": 61, "order": 3, "quantity": "2.00", "price": "79.50", "created": "2022-07-01T02:31:27.933Z", "updated": "2022-07-01T02:31:27.933Z"}}, {"model": "inventory.productorder", "pk": 17, "fields": {"product": 75, "order": 2, "quantity": "50.00", "price": "2.50", "created": "2022-07-01T02:32:32.665Z", "updated": "2022-07-01T02:32:32.665Z"}}, {"model": "inventory.productorder", "pk": 18, "fields": {"product": 63, "order": 3, "quantity": "2.00", "price": "18.30", "created": "2022-07-01T02:34:05.951Z", "updated": "2022-07-01T02:34:05.952Z"}}, {"model": "inventory.productorder", "pk": 19, "fields": {"product": 55, "order": 3, "quantity": "2.00", "price": "18.30", "created": "2022-07-01T02:36:58.637Z", "updated": "2022-07-01T02:36:58.637Z"}}, {"model": "inventory.productorder", "pk": 20, "fields": {"product": 43, "order": 4, "quantity": "12.00", "price": "15.50", "created": "2022-07-01T02:37:06.150Z", "updated": "2022-07-01T02:37:06.151Z"}}, {"model": "inventory.productorder", "pk": 21, "fields": {"product": 64, "order": 3, "quantity": "1.00", "price": "14.00", "created": "2022-07-01T02:37:25.645Z", "updated": "2022-07-01T02:37:25.646Z"}}, {"model": "inventory.productorder", "pk": 22, "fields": {"product": 46, "order": 4, "quantity": "6.00", "price": "6.80", "created": "2022-07-01T02:38:31.708Z", "updated": "2022-07-01T02:38:31.708Z"}}, {"model": "inventory.productorder", "pk": 23, "fields": {"product": 48, "order": 4, "quantity": "3.00", "price": "6.50", "created": "2022-07-01T02:39:33.838Z", "updated": "2022-07-01T02:39:33.838Z"}}, {"model": "inventory.productorder", "pk": 24, "fields": {"product": 66, "order": 4, "quantity": "3.00", "price": "6.50", "created": "2022-07-01T02:40:04.804Z", "updated": "2022-07-01T02:40:04.804Z"}}, {"model": "inventory.productorder", "pk": 25, "fields": {"product": 51, "order": 4, "quantity": "3.00", "price": "14.50", "created": "2022-07-01T02:41:06.602Z", "updated": "2022-07-01T02:41:06.602Z"}}, {"model": "inventory.productorder", "pk": 26, "fields": {"product": 44, "order": 4, "quantity": "6.00", "price": "9.00", "created": "2022-07-01T02:41:36.144Z", "updated": "2022-07-01T02:41:36.144Z"}}, {"model": "inventory.productorder", "pk": 27, "fields": {"product": 50, "order": 4, "quantity": "6.00", "price": "7.00", "created": "2022-07-01T02:42:10.504Z", "updated": "2022-07-01T02:42:10.504Z"}}, {"model": "inventory.productorder", "pk": 28, "fields": {"product": 57, "order": 4, "quantity": "6.00", "price": "4.60", "created": "2022-07-01T02:42:51.036Z", "updated": "2022-07-01T02:42:51.036Z"}}, {"model": "inventory.productorder", "pk": 29, "fields": {"product": 77, "order": 3, "quantity": "15.00", "price": "21.90", "created": "2022-07-01T02:43:01.194Z", "updated": "2022-07-01T02:43:01.194Z"}}, {"model": "inventory.productorder", "pk": 30, "fields": {"product": 54, "order": 4, "quantity": "6.00", "price": "13.00", "created": "2022-07-01T02:43:36.917Z", "updated": "2022-07-01T02:43:36.917Z"}}, {"model": "inventory.productorder", "pk": 31, "fields": {"product": 60, "order": 4, "quantity": "5.00", "price": "9.00", "created": "2022-07-01T02:44:11.721Z", "updated": "2022-07-01T02:44:11.721Z"}}, {"model": "inventory.productorder", "pk": 32, "fields": {"product": 62, "order": 4, "quantity": "6.00", "price": "8.00", "created": "2022-07-01T02:44:40.701Z", "updated": "2022-07-01T02:44:40.701Z"}}, {"model": "inventory.productorder", "pk": 33, "fields": {"product": 59, "order": 4, "quantity": "12.00", "price": "8.50", "created": "2022-07-01T02:46:00.853Z", "updated": "2022-07-01T02:46:00.853Z"}}, {"model": "inventory.productorder", "pk": 34, "fields": {"product": 52, "order": 4, "quantity": "12.00", "price": "2.80", "created": "2022-07-01T02:47:01.481Z", "updated": "2022-07-01T02:47:01.481Z"}}, {"model": "inventory.productorder", "pk": 35, "fields": {"product": 38, "order": 3, "quantity": "6.00", "price": "10.90", "created": "2022-07-04T23:36:01.746Z", "updated": "2022-07-04T23:36:01.746Z"}}, {"model": "inventory.productorder", "pk": 36, "fields": {"product": 78, "order": 5, "quantity": "10.00", "price": "5.65", "created": "2022-07-05T01:27:24.461Z", "updated": "2022-07-05T01:27:24.461Z"}}, {"model": "inventory.productorder", "pk": 37, "fields": {"product": 79, "order": 5, "quantity": "10.00", "price": "6.25", "created": "2022-07-05T01:27:54.429Z", "updated": "2022-07-05T01:27:54.429Z"}}, {"model": "inventory.productorder", "pk": 38, "fields": {"product": 80, "order": 5, "quantity": "12.00", "price": "1.30", "created": "2022-07-05T01:28:45.584Z", "updated": "2022-07-05T01:28:45.584Z"}}, {"model": "inventory.productorder", "pk": 39, "fields": {"product": 81, "order": 5, "quantity": "8.00", "price": "1.38", "created": "2022-07-05T01:29:22.225Z", "updated": "2022-07-05T01:29:22.225Z"}}, {"model": "inventory.productorder", "pk": 40, "fields": {"product": 82, "order": 5, "quantity": "3.00", "price": "13.90", "created": "2022-07-05T01:29:59.729Z", "updated": "2022-07-05T01:29:59.729Z"}}, {"model": "inventory.productorder", "pk": 41, "fields": {"product": 83, "order": 5, "quantity": "10.00", "price": "9.80", "created": "2022-07-05T01:30:29.536Z", "updated": "2022-07-05T01:30:29.536Z"}}, {"model": "inventory.productorder", "pk": 42, "fields": {"product": 84, "order": 5, "quantity": "24.00", "price": "2.16", "created": "2022-07-05T01:31:08.780Z", "updated": "2022-07-05T01:31:08.780Z"}}, {"model": "inventory.productorder", "pk": 43, "fields": {"product": 85, "order": 5, "quantity": "60.00", "price": "0.64", "created": "2022-07-05T01:31:35.954Z", "updated": "2022-07-05T01:31:35.954Z"}}, {"model": "inventory.productorder", "pk": 44, "fields": {"product": 86, "order": 5, "quantity": "60.00", "price": "0.62", "created": "2022-07-05T01:32:07.696Z", "updated": "2022-07-05T01:32:07.696Z"}}, {"model": "inventory.productorder", "pk": 45, "fields": {"product": 87, "order": 5, "quantity": "20.00", "price": "2.35", "created": "2022-07-05T01:34:20.181Z", "updated": "2022-07-05T01:34:20.181Z"}}, {"model": "inventory.productorder", "pk": 46, "fields": {"product": 89, "order": 5, "quantity": "3.00", "price": "13.00", "created": "2022-07-05T14:04:10.384Z", "updated": "2022-07-05T14:04:10.384Z"}}, {"model": "inventory.productorder", "pk": 47, "fields": {"product": 91, "order": 6, "quantity": "1.00", "price": "9.00", "created": "2022-07-06T01:16:37.365Z", "updated": "2022-07-06T01:16:37.365Z"}}, {"model": "inventory.productorder", "pk": 48, "fields": {"product": 92, "order": 6, "quantity": "2.00", "price": "9.00", "created": "2022-07-06T01:16:51.830Z", "updated": "2022-07-06T01:16:51.830Z"}}, {"model": "inventory.productorder", "pk": 49, "fields": {"product": 93, "order": 6, "quantity": "5.00", "price": "12.00", "created": "2022-07-06T01:17:17.672Z", "updated": "2022-07-06T01:17:17.672Z"}}, {"model": "inventory.productorder", "pk": 50, "fields": {"product": 94, "order": 6, "quantity": "1.00", "price": "9.00", "created": "2022-07-06T01:18:24.045Z", "updated": "2022-07-06T01:18:24.045Z"}}, {"model": "inventory.productorder", "pk": 51, "fields": {"product": 95, "order": 6, "quantity": "1.00", "price": "9.00", "created": "2022-07-06T01:18:46.302Z", "updated": "2022-07-06T01:18:46.302Z"}}, {"model": "inventory.productorder", "pk": 52, "fields": {"product": 29, "order": 5, "quantity": "2.00", "price": "14.00", "created": "2022-07-01T15:54:22.613Z", "updated": "2022-07-01T15:54:22.613Z"}}, {"model": "inventory.productorder", "pk": 53, "fields": {"product": 30, "order": 5, "quantity": "2.00", "price": "13.00", "created": "2022-07-01T15:54:52.091Z", "updated": "2022-07-01T15:54:52.091Z"}}, {"model": "inventory.productorder", "pk": 54, "fields": {"product": 34, "order": 5, "quantity": "4.00", "price": "5.00", "created": "2022-07-01T15:55:47.178Z", "updated": "2022-07-01T15:55:47.178Z"}}, {"model": "inventory.productorder", "pk": 55, "fields": {"product": 35, "order": 5, "quantity": "4.00", "price": "5.00", "created": "2022-07-01T15:58:09.270Z", "updated": "2022-07-01T15:58:09.270Z"}}, {"model": "inventory.productorder", "pk": 56, "fields": {"product": 86, "order": 5, "quantity": "30.00", "price": "0.70", "created": "2022-07-01T16:22:08.542Z", "updated": "2022-07-01T16:22:08.542Z"}}, {"model": "inventory.productorder", "pk": 57, "fields": {"product": 87, "order": 5, "quantity": "60.00", "price": "0.80", "created": "2022-07-01T16:22:56.611Z", "updated": "2022-07-01T16:22:56.612Z"}}, {"model": "inventory.productorder", "pk": 58, "fields": {"product": 83, "order": 5, "quantity": "3.00", "price": "6.00", "created": "2022-07-01T16:23:52.252Z", "updated": "2022-07-01T16:23:52.252Z"}}, {"model": "inventory.productorder", "pk": 59, "fields": {"product": 84, "order": 5, "quantity": "3.00", "price": "7.00", "created": "2022-07-01T16:24:07.810Z", "updated": "2022-07-01T16:24:07.810Z"}}, {"model": "inventory.productorder", "pk": 60, "fields": {"product": 85, "order": 5, "quantity": "10.00", "price": "4.00", "created": "2022-07-01T16:24:49.595Z", "updated": "2022-07-01T16:24:49.595Z"}}, {"model": "inventory.productorder", "pk": 61, "fields": {"product": 81, "order": 5, "quantity": "18.00", "price": "1.00", "created": "2022-07-01T16:26:29.408Z", "updated": "2022-07-01T16:26:29.408Z"}}, {"model": "inventory.productorder", "pk": 62, "fields": {"product": 82, "order": 5, "quantity": "19.00", "price": "1.00", "created": "2022-07-01T16:26:44.165Z", "updated": "2022-07-01T16:26:44.165Z"}}]